statistic,send_registration,confirm_registration
mean,1.1265277862548827e-06,3.000128064552943
stdev,4.025261100672832e-06,0.4353287672016116
