statistic,send_registration,confirm_registration
mean,5.543231964111329e-07,2.959996485710144
stdev,2.1179066923596907e-07,0.16495337176591135
