statistic,send_registration,confirm_registration
mean,1.2302398681640625e-06,2.975497936407725
stdev,2.285141942973649e-06,0.12316648273857914
