statistic,send_registration,confirm_registration
mean,9.429454803466797e-07,3.12751892387867
stdev,5.673225235743413e-07,0.6817715410432732
