statistic,send_registration,confirm_registration
mean,9.393692016601562e-07,2.9976256453990935
stdev,2.1347083606770456e-06,0.2931818805899064
